Metric,Raw,Filtered
Max Amplitude,7.706262192397465e-19,2.176279019963954e-20
SNR Peak,3.499958352289465,16.72287307105589
MSE (strain),4.847683137594289e-38,-
